{
  "project_info": {
    "project_number": "255796770411",
    "firebase_url": "https://cal1-60a5b.firebaseio.com",
    "project_id": "cal1-60a5b",
    "storage_bucket": "cal1-60a5b.appspot.com"
  },
  "client": [
    {
      "client_info": {
        "mobilesdk_app_id": "1:255796770411:android:661b7d6e84a4eaec",
        "android_client_info": {
          "package_name": "com.example.student.cal1"
        }
      },
      "oauth_client": [
        {
          "client_id": "255796770411-rae52ocsbphq8s2ruj324ftnmgig8dj2.apps.googleusercontent.com",
          "client_type": 1,
          "android_info": {
            "package_name": "com.example.student.cal1",
            "certificate_hash": "7c562d96a65dbe7b26709201f964687af9cbc69a"
          }
        },
        {
          "client_id": "255796770411-nic8lkcjtikvh2og64k3otub0uvkg94s.apps.googleusercontent.com",
          "client_type": 3
        }
      ],
      "api_key": [
        {
          "current_key": "AIzaSyBVA5hpukgoooCB3PVJj52AJXt3yHMocDQ"
        }
      ],
      "services": {
        "analytics_service": {
          "status": 1
        },
        "appinvite_service": {
          "status": 2,
          "other_platform_oauth_client": [
            {
              "client_id": "255796770411-nic8lkcjtikvh2og64k3otub0uvkg94s.apps.googleusercontent.com",
              "client_type": 3
            }
          ]
        },
        "ads_service": {
          "status": 2
        }
      }
    }
  ],
  "configuration_version": "1"
}